Million tonnes of carbon dioxide;1965;1966;1967;1968;1969;1970;1971;1972;1973;1974;1975;1976;1977;1978;1979;1980;1981;1982;1983;1984;1985;1986;1987;1988;1989;1990;1991;1992;1993;1994;1995;1996;1997;1998;1999;2000;2001;2002;2003;2004;2005;2006;2007;2008;2009;2010;2011;2012;2013;2014;2015;2016;2017;2018;2018;2007-17;2018
Canada;259.9;271.1;284.9;307.3;319.2;343.8;350.7;367.0;386.2;392.5;389.3;408.3;432.6;418.4;425.4;434.8;415.3;402.7;384.5;404.6;399.8;389.3;402.6;433.0;452.4;447.3;429.0;440.8;434.9;450.0;461.2;470.5;484.9;498.6;504.4;526.1;523.9;534.8;546.9;540.2;541.5;528.3;551.2;545.6;502.3;526.7;539.0;523.2;541.9;551.3;544.6;535.9;549.5;550.3;0.138%;?;1.6%
Mexico;62.1;65.0;66.6;72.2;79.1;84.2;89.5;99.7;107.7;120.8;131.1;138.9;146.5;165.1;180.2;198.1;211.0;221.3;217.8;226.5;233.9;230.4;239.9;240.9;253.8;267.9;277.3;280.3;283.8;307.5;294.8;306.1;319.3;336.6;333.5;353.2;351.9;371.3;372.8;390.3;416.2;426.8;428.9;431.6;433.0;442.4;465.4;473.7;472.5;459.2;463.0;468.5;476.8;462.5;-3.013%;1.1%;1.4%
US;3480.1;3675.5;3772.6;3994.2;4170.1;4298.2;4340.7;4564.7;4764.4;4596.4;4466.3;4741.9;4900.3;4844.4;4943.4;4773.5;4611.3;4374.6;4358.7;4557.8;4573.7;4585.5;4728.6;4948.8;5037.9;4946.6;4900.4;4978.2;5093.7;5170.6;5201.1;5383.8;5490.3;5528.4;5577.1;5748.3;5636.8;5651.9;5717.5;5816.0;5851.3;5771.0;5861.1;5675.7;5263.9;5465.6;5355.7;5137.0;5260.5;5300.4;5153.7;5053.7;5014.4;5145.2;2.609%;-1.5%;15.2%
Total North America;3802.1;4011.6;4124.2;4373.7;4568.4;4726.1;4780.9;5031.4;5258.2;5109.7;4986.7;5289.1;5479.5;5427.9;5549.0;5406.4;5237.6;4998.6;4961.0;5188.9;5207.4;5205.1;5371.2;5622.8;5744.2;5661.8;5606.7;5699.3;5812.4;5928.2;5957.1;6160.3;6294.5;6363.5;6415.1;6627.5;6512.6;6558.0;6637.2;6746.6;6809.1;6726.1;6841.2;6652.9;6199.2;6434.7;6360.1;6134.0;6274.9;6310.9;6161.2;6058.2;6040.7;6157.9;1.9%;-1.2%;18.2%
Argentina;77.2;79.5;81.7;84.1;86.8;80.4;85.1;86.6;89.7;91.7;87.7;92.7;97.3;97.0;101.4;98.1;93.4;93.8;96.1;92.9;88.5;101.7;106.4;111.1;107.6;101.4;103.1;109.6;109.4;109.4;113.0;123.0;117.5;123.4;123.2;124.8;115.9;110.2;119.7;130.0;138.5;143.5;156.7;160.2;154.3;166.0;168.8;175.3;182.8;182.8;186.0;185.9;184.1;180.3;-2.087%;1.6%;0.5%
Brazil;51.5;56.1;58.0;68.1;74.3;84.1;92.5;104.1;124.3;134.1;140.1;150.5;157.0;169.5;177.7;176.9;168.5;168.8;163.5;170.2;177.6;191.9;197.7;201.8;205.7;197.2;206.4;216.7;227.7;237.6;251.9;271.4;284.6;294.7;298.0;302.2;311.3;311.2;308.5;323.5;330.6;336.2;350.7;374.0;351.4;399.4;424.4;443.4;483.4;504.6;487.6;451.0;458.9;441.8;-3.729%;2.7%;1.3%
Chile;16.7;17.9;18.3;18.7;19.9;20.9;22.4;22.4;21.6;20.7;18.0;18.9;19.6;20.8;21.5;22.1;22.5;19.2;19.4;20.6;20.2;20.9;21.6;25.5;30.8;31.7;32.7;33.4;35.6;38.8;42.3;47.6;54.9;56.4;58.3;56.4;53.8;55.3;55.3;60.2;61.5;65.4;76.5;77.4;74.3;76.1;87.0;89.4;91.1;88.4;88.9;94.1;93.1;95.8;2.906%;2.0%;0.3%
Colombia;21.3;23.1;24.4;25.2;25.3;27.7;26.2;29.3;28.6;32.3;32.7;33.8;34.5;35.8;37.6;37.4;38.5;40.0;42.5;42.7;44.0;43.7;48.2;46.4;48.8;42.0;44.6;52.7;55.3;58.3;58.8;57.5;62.5;63.3;55.0;54.9;52.9;50.5;52.4;51.9;50.9;61.3;60.0;67.4;65.2;72.6;71.3;79.7;83.5;89.2;89.8;97.9;93.2;98.1;5.226%;4.5%;0.3%
Ecuador;2.1;2.2;2.3;2.8;2.9;3.5;3.8;3.8;4.3;4.8;4.8;5.6;6.8;6.9;7.3;9.1;10.0;10.9;10.1;10.6;12.8;13.0;13.1;12.6;13.0;13.2;15.0;14.6;15.3;16.5;15.9;18.0;20.5;20.9;19.0;20.3;20.9;20.3;20.4;23.1;25.2;26.7;27.0;27.5;27.9;32.1;32.9;34.3;36.6;38.5;37.6;35.5;34.4;37.1;7.850%;2.4%;0.1%
Peru;12.5;15.4;15.5;15.7;15.7;16.4;16.4;14.2;16.6;19.6;20.1;20.1;20.2;19.9;20.7;22.2;22.8;22.5;19.5;20.3;19.6;20.9;22.5;22.2;19.8;19.6;18.6;19.2;19.9;21.6;24.3;25.5;25.8;25.4;25.9;26.0;24.4;25.2;24.4;27.5;28.6;27.5;31.3;34.7;34.9;38.6;44.1;43.8;45.1;46.0;49.7;53.2;49.2;52.3;6.367%;4.6%;0.2%
Trinidad & Tobago;7.8;8.1;8.6;8.9;9.2;9.7;9.9;14.3;14.2;13.3;10.2;11.7;11.7;11.0;9.1;8.6;9.6;9.9;9.0;8.1;8.4;9.1;8.0;8.3;8.0;9.6;9.1;10.6;10.7;10.2;11.3;11.8;10.8;10.3;12.4;12.7;13.8;15.5;16.8;17.7;17.8;19.2;21.6;21.6;20.4;22.5;22.5;21.8;23.2;22.6;22.1;21.6;20.7;20.7;-0.077%;-0.4%;0.1%
Venezuela;43.7;44.0;46.0;48.9;49.1;49.3;49.5;52.2;59.6;60.7;62.6;66.1;73.8;75.1;83.1;95.3;99.2;99.8;98.3;98.4;99.9;105.6;101.2;103.6;106.1;111.9;105.9;116.4;113.7;122.1;126.7;118.8;125.8;135.6;129.7;130.8;143.2;145.4;126.2;139.9;146.3;165.4;164.0;171.8;172.0;166.4;170.8;181.3;176.0;170.5;163.6;151.4;142.6;123.7;-13.226%;-1.4%;0.4%
Central America;12.3;12.4;13.1;13.4;14.2;14.7;15.4;16.8;17.7;17.8;19.8;20.3;20.5;20.8;20.8;19.6;19.5;19.4;19.2;18.7;18.7;18.8;20.2;19.5;20.3;21.1;23.1;26.3;28.1;30.8;34.1;33.4;36.0;41.4;40.8;42.7;45.9;46.1;48.2;49.3;49.2;51.9;54.5;55.0;53.9;54.9;58.9;60.0;60.9;62.8;68.6;71.6;71.1;74.8;5.289%;2.7%;0.2%
Other Caribbean;41.9;43.8;45.7;47.0;50.0;53.7;78.7;81.1;88.7;88.0;84.7;87.7;90.6;93.2;98.3;106.9;108.0;98.5;97.7;98.5;91.4;91.1;94.4;93.7;98.3;99.1;93.9;91.9;92.4;97.9;96.1;97.9;109.0;113.2;105.7;118.5;124.4;122.7;127.7;131.4;132.0;136.0;135.2;126.9;121.1;120.9;122.4;117.4;113.8;114.9;117.4;120.8;120.3;122.7;2.021%;-1.2%;0.4%
Other South America;7.2;7.4;8.0;8.2;8.8;9.2;9.9;11.5;11.7;10.4;12.0;12.2;13.0;14.6;15.5;15.1;14.6;13.8;12.1;12.0;12.6;12.6;12.9;14.5;14.8;14.1;14.7;15.4;16.1;17.9;20.4;21.0;21.3;21.9;23.6;20.4;19.7;19.8;21.3;22.8;23.0;23.3;25.1;27.8;29.9;32.1;32.8;34.2;34.3;35.0;35.8;37.7;38.1;39.3;3.188%;4.2%;0.1%
Total S. & Cent. America;294.3;310.0;321.5;341.0;356.0;369.6;409.7;436.5;477.0;493.5;492.7;519.8;545.1;564.7;593.1;611.3;606.6;596.6;587.4;593.1;593.8;629.2;646.2;659.4;673.2;660.8;667.1;706.8;724.2;761.1;794.7;826.0;868.8;906.3;891.7;909.6;926.2;922.3;920.8;977.4;1003.7;1056.4;1102.7;1144.4;1105.3;1181.8;1235.8;1280.7;1330.6;1355.2;1347.3;1320.4;1305.6;1286.5;-1.5%;1.7%;3.8%
Austria;39.5;39.8;40.1;43.0;46.1;50.7;53.3;54.5;57.9;55.2;53.3;58.0;53.8;56.1;58.6;57.1;53.7;51.2;50.3;52.0;53.1;52.8;53.4;51.8;52.0;55.9;59.9;55.6;55.4;55.7;59.7;61.5;61.8;61.9;61.5;61.6;66.4;67.3;73.3;72.0;74.0;71.9;68.2;69.0;62.9;68.1;62.4;60.4;59.6;56.4;59.4;59.7;62.5;61.2;-2.045%;-0.9%;0.2%
Belgium;124.9;118.6;123.5;135.1;144.5;149.0;142.1;149.3;147.2;141.4;126.0;131.8;131.2;136.8;142.0;135.8;129.1;121.9;109.2;113.1;113.8;113.7;115.2;117.2;119.8;128.5;133.0;130.1;128.1;132.0;130.8;139.4;137.8;142.0;135.3;139.1;139.2;137.1;144.2;143.0;139.0;141.1;140.8;142.3;129.8;138.4;125.1;120.9;121.8;114.2;121.3;123.2;126.0;129.6;2.867%;-1.1%;0.4%
Bulgaria;36.7;39.2;45.2;51.0;55.7;62.4;64.6;66.6;68.6;69.9;75.1;75.9;78.4;82.1;84.9;89.1;85.5;87.0;86.0;85.0;84.9;87.9;87.8;86.6;86.8;74.3;60.4;58.4;60.4;56.8;58.8;57.1;56.2;53.9;46.1;43.4;46.8;45.4;49.0;47.2;48.9;50.1;53.4;50.6;43.7;45.8;50.7;46.1;41.0;43.3;46.1;43.2;45.8;42.7;-6.756%;-1.5%;0.1%
Croatia;n/a;n/a;n/a;n/a;n/a;n/a;n/a;n/a;n/a;n/a;n/a;n/a;n/a;n/a;n/a;n/a;n/a;n/a;n/a;n/a;n/a;n/a;n/a;n/a;n/a;21.5;15.0;14.7;15.4;14.7;15.3;15.3;16.9;18.2;18.8;17.7;18.5;19.6;21.0;20.3;20.8;20.9;22.0;21.1;19.8;19.0;18.3;16.6;16.1;15.8;16.2;16.7;17.1;16.9;-1.214%;-2.5%;?
Cyprus;1.2;1.3;1.5;1.6;1.9;2.0;2.4;2.7;2.9;2.4;2.1;2.1;2.5;2.6;2.7;2.7;2.5;3.1;3.2;3.2;3.6;3.7;4.6;4.7;4.7;5.0;5.1;6.0;6.3;6.3;6.7;6.8;6.9;7.2;7.6;8.0;8.1;7.9;8.5;8.3;9.3;9.1;9.3;9.5;9.2;8.8;8.7;8.1;7.3;7.3;7.5;8.1;8.3;8.2;-0.953%;-1.1%;?
Czech Republic;156.2;157.0;153.8;160.4;167.2;172.5;181.0;180.7;180.6;181.4;188.1;193.7;199.2;201.5;202.6;195.5;194.6;191.9;191.7;196.1;194.2;192.2;190.8;191.2;185.1;155.3;143.2;136.6;134.1;128.6;130.4;133.2;127.3;121.6;113.9;124.0;124.8;121.0;124.2;125.0;123.5;125.4;124.9;120.0;113.3;116.3;112.8;109.0;104.8;101.7;102.9;104.9;103.0;103.2;0.237%;-1.9%;0.3%
Denmark;47.7;54.3;54.0;56.1;63.9;67.5;63.2;66.6;65.0;59.2;56.4;62.5;63.9;65.7;66.2;66.2;58.9;57.4;54.4;55.3;62.7;63.6;61.0;59.7;54.0;55.8;65.5;60.0;63.4;68.2;65.4;79.1;69.2;64.9;61.5;57.5;57.7;56.8;62.0;56.0;53.3;61.7;56.8;54.2;50.6;51.3;46.4;41.0;43.4;40.1;36.8;38.0;35.5;35.7;0.504%;-4.6%;0.1%
Estonia;n/a;n/a;n/a;n/a;n/a;n/a;n/a;n/a;n/a;n/a;n/a;n/a;n/a;n/a;n/a;n/a;n/a;n/a;n/a;n/a;38.5;38.5;39.0;38.0;39.2;38.3;34.4;26.2;20.7;20.6;19.3;20.2;20.0;18.5;16.9;17.4;17.8;17.8;19.6;20.2;19.6;19.1;22.1;21.0;18.8;23.0;23.9;23.5;24.6;24.3;22.4;22.6;24.4;25.7;5.028%;1.0%;0.1%
Finland;24.8;28.1;28.9;33.2;39.0;43.2;43.4;44.8;50.5;46.0;47.0;53.3;52.5;55.6;57.6;57.6;48.7;47.1;45.3;47.9;53.2;52.9;55.6;54.8;55.1;57.5;56.6;54.4;56.5;62.9;58.6;64.8;63.1;60.5;60.2;59.7;64.6;67.8;76.2;70.0;59.4;69.6;67.5;60.0;57.4;65.5;57.6;51.5;52.9;48.5;44.7;48.2;45.4;46.6;2.672%;-3.9%;0.1%
France;328.3;329.2;354.5;368.2;403.8;432.1;451.5;475.0;515.4;496.7;454.9;502.2;483.2;500.0;508.6;484.2;441.4;417.9;401.0;386.0;380.9;370.2;362.6;358.4;370.3;369.7;392.0;381.2;364.3;350.3;356.1;373.3;362.2;385.0;384.6;381.9;383.5;380.2;387.1;389.1;390.0;380.3;371.2;371.1;356.3;361.5;334.9;336.3;336.0;302.3;310.5;315.3;321.4;311.8;-2.996%;-1.4%;0.9%
Germany;909.7;900.2;891.4;943.7;1010.8;1042.3;1044.0;1066.0;1115.1;1083.8;1024.1;1092.1;1071.2;1055.2;1112.3;1077.2;1042.0;1000.7;1014.7;1033.1;1040.8;1032.4;1025.9;1010.4;998.8;1003.1;965.1;919.2;911.6;892.3;884.4;910.6;883.3;874.2;851.8;849.5;866.0;852.6;857.9;843.7;822.2;840.1;807.2;806.5;751.0;780.6;761.0;770.3;794.6;748.4;751.9;766.6;762.6;725.7;-4.844%;-0.6%;2.1%
Greece;22.5;23.7;26.0;27.2;27.8;29.8;37.2;41.9;48.9;48.2;56.2;63.1;67.1;65.2;54.1;52.9;52.6;52.6;54.8;56.9;60.3;60.1;67.0;71.6;78.4;82.6;82.1;84.6;86.0;87.4;89.5;90.8;94.2;99.6;98.0;103.6;105.8;105.1;108.4;108.6;109.1;110.1;114.6;108.9;104.2;96.0;95.4;89.8;81.3;77.7;75.1;71.9;77.1;76.2;-1.162%;-3.9%;0.2%
Hungary;59.5;59.4;55.3;56.4;59.5;63.1;64.3;65.6;70.1;71.9;73.0;76.3;80.6;85.6;84.4;83.2;82.3;82.7;78.9;80.1;80.3;78.7;80.1;75.8;72.2;72.5;67.3;62.4;59.6;59.5;58.7;59.5;57.6;58.0;59.2;55.5;57.3;56.0;58.5;57.2;57.4;57.2;55.6;54.4;48.2;48.8;50.3;45.9;43.3;42.3;45.1;45.5;47.9;47.7;-0.353%;-1.5%;0.1%
Iceland;1.5;1.6;1.5;1.7;1.5;1.5;1.7;1.8;2.0;1.9;1.8;1.8;1.9;2.0;2.0;1.9;1.9;1.7;1.7;1.9;1.9;1.9;2.0;2.1;2.2;2.2;2.1;2.2;2.3;2.3;2.4;2.6;2.6;2.6;2.6;2.8;2.7;2.8;2.8;2.9;2.9;3.0;3.1;2.8;2.6;2.5;2.5;2.5;2.7;2.7;2.9;3.2;3.4;3.5;0.824%;1.2%;?
Ireland;20.0;22.7;24.7;29.2;29.1;21.5;22.4;23.2;24.3;24.8;23.2;23.8;25.0;26.2;28.7;27.4;26.4;26.1;25.7;25.4;26.9;28.6;29.7;29.1;29.8;31.0;31.6;31.8;32.2;33.1;33.9;35.6;37.3;40.0;42.1;43.4;46.4;45.7;45.3;45.5;47.7;47.5;48.4;47.9;43.0;42.6;38.6;38.7;37.5;37.2;39.0;40.5;39.4;39.1;-0.633%;-2.0%;0.1%
Italy;204.9;222.7;246.2;266.5;288.3;320.4;342.4;357.9;375.0;375.1;362.2;381.0;375.7;376.6;388.9;384.3;375.6;371.1;352.5;353.2;350.0;360.0;375.4;380.3;400.8;401.9;402.9;400.7;395.7;393.5;413.8;409.2;413.2;426.3;430.7;435.2;432.6;434.5;453.1;471.1;472.3;470.2;460.9;446.9;404.0;409.8;399.8;386.6;353.6;330.2;343.1;343.6;346.3;336.3;-2.861%;-2.8%;1.0%
Latvia;n/a;n/a;n/a;n/a;n/a;n/a;n/a;n/a;n/a;n/a;n/a;n/a;n/a;n/a;n/a;n/a;n/a;n/a;n/a;n/a;25.2;23.3;20.3;19.4;18.8;18.4;17.6;12.8;10.8;9.9;9.1;9.2;8.3;8.0;7.4;6.9;7.7;7.9;7.8;8.5;8.7;8.4;8.8;8.6;7.9;9.2;8.3;8.0;8.0;7.7;7.8;8.2;8.0;7.8;-2.477%;-0.9%;?
Lithuania;n/a;n/a;n/a;n/a;n/a;n/a;n/a;n/a;n/a;n/a;n/a;n/a;n/a;n/a;n/a;n/a;n/a;n/a;n/a;n/a;37.4;33.6;36.0;35.4;36.2;36.1;39.0;20.7;16.4;15.4;14.3;14.8;14.1;14.7;12.7;10.9;12.1;11.6;11.8;12.3;13.1;13.4;13.2;13.3;12.1;13.2;12.4;12.4;11.7;11.0;11.3;11.7;12.2;12.1;-0.036%;-0.8%;?
Luxembourg;13.4;12.7;12.4;13.4;14.4;14.9;14.2;14.5;15.2;15.4;12.6;12.5;11.4;11.9;12.3;11.4;9.6;9.0;8.4;9.2;9.4;9.1;8.3;8.5;9.9;10.3;11.0;11.0;11.1;10.6;8.7;8.9;8.5;8.0;8.5;9.0;9.7;10.5;11.0;12.5;12.8;12.5;12.0;11.9;11.4;12.0;11.7;11.4;10.9;10.5;10.1;10.0;10.3;10.7;4.108%;-1.5%;?
Netherlands;113.0;117.8;122.8;138.2;149.1;163.5;167.8;192.6;202.4;186.0;181.8;201.0;197.2;183.8;191.2;180.7;173.9;168.0;164.7;169.7;172.5;174.3;181.9;186.0;187.1;195.9;201.6;203.0;207.1;204.6;211.7;221.7;218.9;219.9;216.6;218.4;228.5;228.6;228.6;235.1;237.7;235.3;234.2;231.4;222.6;232.4;224.4;217.3;211.7;200.8;209.2;212.7;205.9;202.7;-1.586%;-1.3%;0.6%
North Macedonia;n/a;n/a;n/a;n/a;n/a;n/a;n/a;n/a;n/a;n/a;n/a;n/a;n/a;n/a;n/a;n/a;n/a;n/a;n/a;n/a;n/a;n/a;n/a;n/a;n/a;8.7;8.5;8.7;9.0;8.4;8.4;9.6;8.6;9.9;9.0;8.6;8.7;8.1;8.9;8.6;8.9;8.9;9.3;9.2;8.6;8.4;9.2;8.8;7.8;7.4;7.1;7.0;7.5;7.3;-1.594%;-2.2%;?
Norway;17.7;19.4;20.0;21.9;24.0;26.7;26.5;27.9;28.0;26.2;26.9;29.6;29.4;31.4;32.6;30.0;28.3;27.2;27.1;27.6;28.9;31.2;30.4;30.0;30.4;29.3;27.7;29.2;30.1;31.8;31.8;34.4;35.7;36.6;36.3;34.1;35.8;35.2;36.6;37.1;36.0;36.3;36.1;35.5;35.5;36.5;36.7;36.5;36.5;35.8;35.8;34.7;35.0;35.5;1.365%;-0.3%;0.1%
Poland;253.0;257.2;263.5;281.6;299.0;312.8;321.9;339.4;342.8;352.4;380.4;400.9;417.8;437.9;444.2;466.1;419.5;428.8;429.9;447.5;457.9;469.6;486.0;475.2;457.0;374.0;368.8;353.4;352.2;334.3;340.8;354.3;349.7;330.1;323.3;299.4;297.7;294.2;303.4;301.7;307.0;320.2;317.0;319.2;305.0;322.8;322.6;307.2;309.8;292.9;292.9;305.6;315.4;322.5;2.261%;-0.1%;1.0%
Portugal;10.5;10.8;11.6;12.0;12.4;14.9;16.8;17.8;20.4;21.1;21.9;22.9;22.3;23.4;25.0;26.4;28.4;28.5;29.6;28.7;27.8;31.3;31.9;32.8;41.8;39.9;43.2;47.0;45.8;46.0;53.5;50.9;51.5;57.4;63.0;62.0;61.0;64.3;60.6;62.3;65.1;60.3;58.7;57.7;56.9;51.5;51.4;50.7;49.3;49.3;53.7;53.0;57.8;54.5;-5.705%;-0.2%;0.2%
Romania;68.1;72.5;80.7;86.0;98.6;105.0;110.1;114.6;125.8;126.0;136.8;148.0;156.2;169.4;174.2;174.5;174.4;172.4;174.2;171.8;172.5;178.0;186.2;188.1;189.4;178.2;143.3;124.9;122.3;117.9;127.7;126.2;115.0;101.5;86.0;88.5;90.8;93.9;98.0;98.9;94.2;99.2;95.3;93.3;79.7;77.5;83.3;80.1;69.2;69.7;70.6;69.3;72.6;72.0;-0.880%;-2.7%;0.2%
Slovakia;31.1;32.1;32.2;35.1;37.0;39.7;42.5;44.3;45.7;46.8;49.0;50.5;52.8;55.5;56.5;56.7;55.8;54.9;54.7;58.7;58.4;55.6;56.7;57.3;53.3;55.3;49.1;46.7;43.9;40.8;41.5;41.7;40.3;40.1;39.1;37.2;38.9;38.5;38.8;37.8;38.6;37.2;35.1;36.3;33.5;36.0;33.5;32.2;32.9;29.8;30.1;30.7;32.8;32.9;0.101%;-0.7%;0.1%
Slovenia;n/a;n/a;n/a;n/a;n/a;n/a;n/a;n/a;n/a;n/a;n/a;n/a;n/a;n/a;n/a;n/a;n/a;n/a;n/a;n/a;n/a;n/a;n/a;n/a;n/a;13.3;12.5;12.3;13.0;13.1;13.9;14.7;15.2;14.7;14.3;14.0;14.7;14.9;14.8;15.0;15.2;15.7;15.7;16.8;15.0;15.2;15.2;14.7;14.1;12.6;12.7;13.6;13.5;13.7;1.043%;-1.5%;?
Spain;80.4;84.7;95.5;99.1;108.6;121.1;126.8;135.5;155.4;162.0;168.2;185.1;178.9;172.9;185.0;205.8;208.4;207.8;210.0;200.5;193.3;196.6;203.8;196.4;218.7;216.2;223.0;243.3;228.7;239.5;248.3;244.6;263.7;274.4;298.6;309.6;313.6;332.2;338.4;359.5;373.0;366.9;378.7;352.3;314.4;298.7;308.8;307.2;275.9;273.6;289.2;282.3;299.9;295.2;-1.551%;-2.3%;0.9%
Sweden;68.8;76.1;75.2;83.8;88.8;97.1;89.9;91.3;93.2;84.9;84.8;93.0;89.3;105.4;114.0;101.0;90.0;84.0;74.1;72.0;79.7;85.1;74.3;69.9;67.4;67.6;60.0;61.8;61.3;64.6;61.9;67.1;61.5;68.7;65.5;57.9;59.4;60.1;64.6;62.2;60.7;61.7;59.2;56.1;53.4;56.7;52.0;49.2;48.0;46.2;46.4;46.7;45.9;44.8;-2.410%;-2.5%;0.1%
Switzerland;29.2;29.7;31.3;34.3;36.9;40.4;42.1;42.9;46.2;41.3;39.9;41.6;42.1;42.6;41.0;41.7;39.4;37.3;40.8;40.2;41.3;44.3;41.9;41.7;40.4;43.3;44.2;44.6;42.2;43.4;40.9;42.5;44.2;44.8;43.6;42.5;45.6;43.4;42.6;42.6;43.5;44.3;40.3;43.0;43.6;41.3;39.4;40.7;42.8;38.0;38.8;37.4;38.2;36.6;-4.049%;-0.5%;0.1%
Turkey;25.1;29.0;29.1;32.3;35.2;39.3;43.9;48.9;54.2;56.5;60.7;66.8;73.1;77.3;71.9;74.9;74.4;81.7;87.5;91.7;100.6;109.7;119.1;116.5;129.3;136.4;139.8;143.9;148.5;147.1;161.3;175.3;185.1;187.1;187.8;206.4;186.8;197.6;209.9;217.2;225.2;248.3;273.0;276.9;276.1;278.6;301.5;316.9;305.5;337.5;346.1;366.0;388.5;389.9;0.339%;3.6%;1.2%
Ukraine;n/a;n/a;n/a;n/a;n/a;n/a;n/a;n/a;n/a;n/a;n/a;n/a;n/a;n/a;n/a;n/a;n/a;n/a;n/a;n/a;663.1;671.0;679.3;657.4;626.8;726.4;650.3;578.3;474.8;398.0;369.9;342.7;343.4;329.2;339.0;339.0;339.0;333.9;341.0;326.9;313.1;321.2;315.4;317.3;271.8;286.9;303.0;296.7;285.7;244.9;192.5;213.7;185.0;186.5;0.859%;-5.2%;0.6%
United Kingdom;687.8;680.7;669.7;689.5;707.3;715.3;689.2;682.4;718.2;668.1;630.4;639.0;646.9;637.7;659.3;606.8;585.8;569.5;563.4;543.5;572.0;588.3;591.7;591.3;581.9;593.0;602.8;584.7;570.5;556.4;553.3;573.4;554.6;556.1;547.0;563.0;574.3;553.9;563.9;569.3;576.3;579.9;570.2;562.8;516.1;532.6;495.0;511.8;498.4;457.3;438.4;414.7;403.2;394.1;-2.250%;-3.4%;1.2%
Other Europe;50.4;51.8;50.5;54.9;56.1;62.2;73.3;74.0;78.4;83.8;86.3;91.4;95.7;104.2;113.1;107.6;114.3;118.3;127.5;134.4;169.7;175.7;171.6;177.6;172.5;131.5;109.5;96.1;83.5;65.3;68.9;72.4;82.4;85.2;73.2;84.1;88.9;94.4;101.2;107.1;103.8;108.2;109.7;110.8;111.3;112.9;121.1;112.9;113.5;103.0;112.2;117.4;119.8;119.4;-0.305%;0.9%;0.4%
Total Europe;3425.9;3472.2;3541.2;3755.4;4006.4;4211.0;4278.4;4423.0;4649.4;4528.4;4423.1;4699.9;4699.3;4764.5;4914.0;4798.6;4597.7;4499.8;4461.4;4484.6;5354.6;5414.0;5469.5;5415.0;5410.3;5429.1;5268.1;5046.6;4863.2;4711.3;4749.9;4863.5;4810.4;4820.7;4761.6;4791.7;4851.3;4841.0;4973.1;4994.5;4982.3;5055.0;5007.8;4939.0;4589.6;4700.6;4618.0;4562.0;4452.3;4220.3;4230.0;4285.9;4317.5;4248.4;-1.6%;-1.5%;12.5%
Azerbaijan;n/a;n/a;n/a;n/a;n/a;n/a;n/a;n/a;n/a;n/a;n/a;n/a;n/a;n/a;n/a;n/a;n/a;n/a;n/a;n/a;50.4;54.2;52.2;52.1;52.8;54.3;52.0;44.0;41.5;37.9;35.8;29.3;27.9;27.8;27.2;28.4;26.2;25.9;27.9;30.8;33.5;33.2;29.9;29.6;25.9;24.9;28.5;29.6;30.2;31.0;33.8;33.2;32.2;31.8;-1.352%;0.7%;0.1%
Belarus;n/a;n/a;n/a;n/a;n/a;n/a;n/a;n/a;n/a;n/a;n/a;n/a;n/a;n/a;n/a;n/a;n/a;n/a;n/a;n/a;89.6;102.3;102.7;103.4;99.3;94.1;94.6;87.9;74.1;61.9;53.8;55.2;55.9;54.5;52.2;51.0;48.7;48.9;47.8;54.7;55.8;57.9;56.7;59.4;57.2;60.2;57.1;58.5;58.1;57.3;53.1;53.4;54.0;56.6;4.940%;-0.5%;0.2%
Kazakhstan;n/a;n/a;n/a;n/a;n/a;n/a;n/a;n/a;n/a;n/a;n/a;n/a;n/a;n/a;n/a;n/a;n/a;n/a;n/a;n/a;231.2;236.4;241.0;248.6;242.1;240.6;238.3;236.3;208.5;192.8;168.9;147.0;129.9;123.0;114.2;100.5;118.6;120.4;132.2;143.9;148.9;160.0;175.5;189.4;170.6;183.9;202.5;209.7;211.0;212.5;207.5;208.5;219.7;248.1;12.948%;2.3%;0.7%
Russian Federation;n/a;n/a;n/a;n/a;n/a;n/a;n/a;n/a;n/a;n/a;n/a;n/a;n/a;n/a;n/a;n/a;n/a;n/a;n/a;n/a;2173.0;2211.4;2269.0;2292.4;2290.8;2234.7;2168.9;2073.4;1896.7;1727.7;1617.8;1564.2;1464.1;1447.0;1447.0;1453.3;1466.5;1466.3;1495.2;1490.3;1466.6;1535.0;1528.1;1554.3;1445.3;1492.2;1555.9;1569.1;1527.7;1530.8;1489.5;1501.5;1488.4;1550.8;4.189%;-0.3%;4.6%
Turkmenistan;n/a;n/a;n/a;n/a;n/a;n/a;n/a;n/a;n/a;n/a;n/a;n/a;n/a;n/a;n/a;n/a;n/a;n/a;n/a;n/a;33.2;39.2;39.0;39.2;40.3;34.7;35.9;16.3;26.7;28.4;23.6;33.8;26.3;32.7;31.6;26.9;33.1;28.7;38.9;38.5;39.1;39.4;38.5;32.3;50.3;54.3;59.9;65.2;58.3;60.5;71.5;68.8;71.8;78.5;9.339%;6.4%;0.2%
USSR;1907.3;2014.7;2107.0;2158.0;2243.9;2320.9;2415.1;2529.8;2639.7;2742.4;2872.3;2959.4;3059.4;3158.5;3217.8;3237.4;3275.4;3340.2;3381.3;3445.2;n/a;n/a;n/a;n/a;n/a;n/a;n/a;n/a;n/a;n/a;n/a;n/a;n/a;n/a;n/a;n/a;n/a;n/a;n/a;n/a;n/a;n/a;n/a;n/a;n/a;n/a;n/a;n/a;n/a;n/a;n/a;n/a;n/a;n/a;n/a;n/a;n/a
Uzbekistan;n/a;n/a;n/a;n/a;n/a;n/a;n/a;n/a;n/a;n/a;n/a;n/a;n/a;n/a;n/a;n/a;n/a;n/a;n/a;n/a;76.8;77.3;81.0;76.0;81.9;109.6;111.2;103.1;109.8;102.8;97.4;100.1;98.5;102.8;115.3;118.2;118.6;120.6;112.2;115.1;112.2;104.9;111.6;103.3;102.9;100.7;107.1;104.0;103.5;108.1;103.1;103.2;107.2;104.3;-2.723%;-0.4%;0.3%
Other CIS;n/a;n/a;n/a;n/a;n/a;n/a;n/a;n/a;n/a;n/a;n/a;n/a;n/a;n/a;n/a;n/a;n/a;n/a;n/a;n/a;74.6;73.4;75.0;78.2;76.9;83.9;67.0;52.0;35.7;25.2;20.9;21.7;21.2;21.3;17.4;16.0;16.0;16.3;16.4;18.3;19.2;19.9;22.9;24.7;23.4;22.9;24.2;27.0;25.7;27.3;28.3;28.6;28.0;30.3;8.457%;2.0%;0.1%
Total CIS;1907.3;2014.7;2107.0;2158.0;2243.9;2320.9;2415.1;2529.8;2639.7;2742.4;2872.3;2959.4;3059.4;3158.5;3217.8;3237.4;3275.4;3340.2;3381.3;3445.2;2728.7;2794.1;2859.8;2890.0;2884.0;2851.9;2767.9;2613.1;2393.1;2176.5;2018.1;1951.2;1823.8;1809.0;1804.8;1794.4;1827.7;1826.9;1870.6;1891.7;1875.3;1950.2;1963.2;1993.0;1875.6;1939.0;2035.1;2063.1;2014.6;2027.5;1986.8;1997.3;2001.2;2100.4;5.0%;0.2%;6.2%
Iran;21.8;24.0;26.7;29.7;32.8;38.4;41.6;46.8;57.3;64.1;75.2;85.8;97.1;94.4;103.1;95.8;97.6;110.0;130.8;141.5;154.5;144.4;153.4;161.4;176.9;190.6;211.0;226.5;212.0;238.6;248.9;262.5;272.6;278.8;297.7;313.9;328.5;355.0;359.7;388.2;416.3;451.3;480.7;503.6;516.5;518.0;538.0;539.7;572.9;588.9;585.7;593.9;622.1;656.4;5.500%;2.6%;1.9%
Iraq;5.1;5.7;5.8;6.2;7.2;9.2;10.0;12.1;11.7;11.4;12.2;15.5;16.4;13.6;16.7;22.6;22.9;23.9;26.9;29.4;34.7;38.4;43.9;50.8;57.3;52.3;36.3;56.5;78.0;89.8;87.4;91.0;108.3;74.2;55.3;74.4;84.1;79.0;72.9;77.7;74.3;75.9;79.0;82.4;93.2;99.1;104.0;111.1;119.5;115.6;115.6;132.1;133.7;151.4;13.255%;5.4%;0.4%
Israel;11.9;12.4;12.9;13.5;14.1;14.7;15.3;15.9;17.0;17.2;17.8;18.9;19.9;21.3;23.4;23.6;24.1;25.4;26.0;27.0;26.3;27.8;30.6;32.6;34.0;35.0;36.3;39.6;41.7;45.4;50.4;53.6;53.3;56.7;58.5;61.9;62.5;63.9;65.5;66.0;67.6;67.4;70.4;71.6;68.4;71.6;73.1;78.9;69.4;66.8;69.8;69.1;70.0;69.6;-0.573%;-0.1%;0.2%
Kuwait;17.1;17.9;18.3;19.2;19.7;16.2;16.2;18.0;18.0;17.2;15.5;18.2;18.5;20.2;24.5;20.2;26.1;26.7;29.8;31.5;30.7;34.5;32.4;36.1;38.9;18.4;11.5;19.9;25.7;32.1;39.0;38.6;39.9;47.5;49.4;51.3;52.2;53.7;64.2;72.6;80.5;75.3;73.1;79.6;81.2;87.0;85.9;96.0;100.5;90.3;98.3;99.3;98.4;98.2;-0.236%;3.0%;0.3%
Oman;1.4;1.5;1.5;1.6;1.7;1.7;4.3;4.9;4.3;3.9;3.5;4.0;3.8;4.2;4.8;3.9;4.1;5.7;5.1;7.5;7.6;7.0;7.9;7.7;8.8;11.3;15.7;14.9;14.1;13.2;15.3;15.6;15.6;16.0;18.7;25.4;28.1;30.8;31.7;29.5;32.8;35.8;35.5;42.3;42.1;49.0;52.3;57.6;65.6;65.2;68.6;69.4;68.7;71.4;3.933%;6.8%;0.2%
Qatar;0.3;0.3;0.4;1.3;2.1;2.4;2.3;2.6;3.7;3.2;4.8;3.0;4.2;4.1;9.4;10.3;10.0;11.4;12.2;13.9;14.7;16.3;16.5;14.4;15.5;15.7;17.4;26.3;28.0;28.4;28.7;21.9;23.6;25.2;28.3;22.5;22.0;25.9;28.0;32.9;38.0;39.8;45.4;50.3;51.0;59.8;68.0;76.8;83.7;91.0;100.9;99.9;102.4;101.2;-1.200%;8.5%;0.3%
Saudi Arabia;62.5;63.3;64.1;65.0;65.9;67.0;67.1;71.9;76.5;80.9;62.7;72.4;85.6;94.9;115.8;97.9;110.5;122.6;133.9;156.9;161.5;158.9;168.3;173.2;168.8;202.3;212.1;208.6;213.0;249.5;242.1;246.6;250.9;264.9;269.7;278.1;287.1;294.9;312.6;338.1;357.1;374.4;392.5;424.4;443.2;485.1;501.5;525.5;534.3;570.4;587.1;597.6;591.1;571.0;-3.393%;4.2%;1.7%
United Arab Emirates;0.2;0.2;1.2;1.5;1.5;2.0;3.0;3.3;4.3;4.8;5.3;6.8;11.1;12.7;15.2;25.9;29.9;32.5;31.4;38.7;48.2;58.4;64.9;72.6;80.8;82.2;100.8;98.1;102.0;111.2;115.2;117.7;122.4;124.8;125.2;124.4;125.1;133.4;143.1;153.5;160.1;169.2;185.7;211.5;205.5;215.3;222.3;233.5;248.9;245.1;267.1;276.4;269.2;277.0;2.889%;3.8%;0.8%
Other Middle East;18.1;18.9;19.7;20.6;21.5;21.3;22.7;22.6;25.3;27.6;30.1;33.9;37.0;38.5;43.8;42.1;44.0;52.0;55.7;60.3;61.4;61.9;66.0;68.3;68.8;72.7;77.8;80.3;82.4;84.9;91.6;93.1;99.5;104.5;106.0;107.5;111.5;114.5;119.9;124.1;138.3;143.2;149.2;154.8;155.3;151.4;143.8;134.3;131.5;131.9;126.5;123.7;123.1;122.7;-0.330%;-1.9%;0.4%
Total Middle East;138.4;144.2;150.6;158.6;166.4;172.9;182.6;198.1;218.0;230.3;227.0;258.5;293.6;304.0;356.7;342.3;369.3;410.2;451.8;506.5;539.7;547.5;584.0;617.1;649.8;680.5;718.8;770.5;796.9;893.1;918.7;940.6;986.0;992.8;1008.9;1059.3;1101.0;1151.2;1197.6;1282.8;1365.1;1432.4;1511.3;1620.5;1656.5;1736.2;1789.0;1853.3;1926.3;1965.2;2019.5;2061.5;2078.7;2118.8;1.9%;3.2%;6.3%
Algeria;5.6;6.9;6.4;6.8;7.6;8.3;8.9;10.0;11.6;13.0;15.5;17.9;19.3;24.5;32.1;38.5;46.3;54.3;59.0;57.0;57.6;61.0;62.7;66.9;65.1;66.1;65.8;67.0;62.5;63.5;65.8;64.9;62.4;64.7;64.8;62.9;65.2;68.2;71.2;74.4;77.2;81.0;85.4;90.8;95.8;94.2;100.6;108.9;115.4;123.6;129.0;127.7;127.8;135.5;6.020%;4.1%;0.4%
Egypt;22.9;24.0;20.1;21.1;15.9;20.2;20.5;23.1;21.6;24.7;27.6;32.5;34.8;36.3;40.1;45.7;52.5;59.1;64.9;70.4;73.1;74.8;78.6;81.0;85.5;87.9;88.6;88.0;87.5;88.4;93.5;99.5;103.9;108.1;113.6;118.7;126.3;121.9;131.3;136.6;147.1;151.3;160.2;170.5;177.2;188.8;189.5;200.4;199.0;203.5;208.8;218.3;221.3;224.2;1.327%;3.3%;0.7%
Morocco;3.8;5.2;5.7;6.1;6.6;6.9;7.3;7.9;9.3;9.9;10.4;11.3;12.5;13.4;14.6;14.9;14.9;15.5;16.2;16.8;17.2;17.8;18.2;19.2;21.0;21.3;21.5;24.2;25.2;27.3;27.1;27.6;28.4;29.9;31.5;31.6;34.4;35.4;34.7;40.1;43.9;44.6;43.8;48.6;45.2;49.1;52.9;53.9;54.3;56.5;56.7;57.0;60.0;62.8;4.625%;3.2%;0.2%
South Africa;115.2;115.5;118.9;125.3;128.4;133.9;141.5;144.9;155.8;161.1;172.0;179.5;184.4;181.5;189.6;202.5;235.3;255.3;257.1;276.3;282.1;283.5;290.7;314.1;294.8;309.1;303.5;307.1;306.9;317.7;326.9;332.1;339.6;332.8;344.4;343.2;348.4;337.6;370.2;408.9;393.0;401.5;411.8;447.5;446.7;448.9;440.2;434.4;435.1;439.1;425.9;428.5;418.5;421.1;0.637%;0.2%;1.2%
Eastern Africa;26.8;27.9;29.6;30.9;31.3;32.2;36.4;37.5;39.1;38.6;37.1;37.9;36.5;35.4;35.3;37.5;35.8;35.1;34.1;34.5;36.0;39.4;41.6;44.5;45.6;51.9;47.8;48.0;52.2;52.2;52.9;52.9;55.3;55.0;55.0;54.3;57.3;57.1;55.2;62.0;63.8;64.9;66.7;65.9;70.0;75.3;80.1;79.5;88.4;100.1;104.7;103.2;110.0;113.0;2.787%;5.1%;0.3%
Middle Africa;6.9;7.1;7.2;7.5;7.7;7.9;9.3;9.6;10.7;11.2;10.0;10.2;10.8;12.5;12.7;13.2;14.1;13.0;14.7;13.1;14.6;14.3;14.7;15.6;15.5;14.4;13.1;13.1;13.5;13.2;12.9;13.1;13.6;12.6;13.6;14.5;16.7;17.9;20.0;22.3;21.9;24.2;26.2;30.3;32.9;35.9;39.7;40.5;42.8;45.3;43.8;45.3;45.3;46.1;1.789%;5.6%;0.1%
Western Africa;13.8;14.8;14.1;13.3;14.6;16.1;21.6;23.1;25.1;25.6;27.4;33.7;36.1;39.1;43.1;47.6;49.1;51.6;50.0;46.0;47.7;45.1;47.3;50.6;52.4;50.9;52.9;58.4;59.0;58.6;59.7;64.6;65.0;68.6;68.5;71.2;76.4;82.8;81.7;84.1;87.9;81.1;87.8;94.8;89.2;93.7;102.7;106.0;107.7;109.0;124.7;133.8;140.9;147.2;4.519%;4.8%;0.4%
Other Northern Africa;4.5;4.9;5.2;6.0;6.6;7.8;7.1;8.9;12.0;13.1;14.5;17.3;19.6;21.9;25.3;27.7;29.6;30.7;32.2;32.3;35.5;36.0;38.4;39.0;41.4;40.5;40.6;41.4;43.0;47.8;50.2;52.2;53.6;55.7;55.0;58.8;60.0;61.1;62.1;65.9;67.7;69.0;66.5;68.9;73.9;76.3;57.2;71.0;75.5;75.6;66.1;63.3;67.2;69.8;3.857%;0.1%;0.2%
Other Southern Africa;1.1;1.3;1.3;1.5;1.5;1.6;1.6;1.6;1.7;1.6;1.6;1.8;1.7;1.7;1.7;1.9;2.2;2.3;2.1;2.2;2.5;2.7;2.8;3.1;3.4;5.1;6.1;6.7;6.8;7.3;7.5;7.3;7.7;8.4;8.6;8.9;9.1;9.0;9.0;9.1;9.6;9.5;9.9;10.4;10.8;9.5;10.2;11.6;12.4;13.6;13.9;14.2;15.2;14.8;-2.102%;4.4%;?
Total Africa;200.6;207.6;208.5;218.4;220.2;234.7;254.2;266.7;286.8;298.6;316.1;342.2;355.7;366.4;394.5;429.5;479.8;516.8;530.5;548.4;566.3;574.5;595.0;634.0;624.7;647.2;639.8;653.9;656.6;675.8;696.5;714.3;729.5;735.8;754.9;764.0;793.9;791.0;835.4;903.4;912.1;927.1;958.4;1027.8;1041.6;1071.6;1073.1;1106.4;1130.7;1166.2;1173.7;1191.2;1206.1;1234.6;2.4%;2.3%;3.6%
Australia;113.8;125.1;132.4;139.7;144.3;155.3;161.2;168.2;178.6;189.0;191.9;198.4;208.4;213.3;221.8;223.4;225.1;226.2;225.2;234.8;235.7;244.6;251.7;263.9;277.1;281.6;282.2;284.5;291.3;302.0;311.4;320.5;330.6;340.0;356.6;358.1;360.3;365.3;372.2;385.9;383.6;405.4;409.5;420.5;414.8;408.7;414.6;406.7;401.8;408.8;413.2;418.3;412.3;416.6;1.036%;0.1%;1.2%
Bangladesh;n/a;n/a;n/a;n/a;n/a;n/a;2.2;3.3;3.8;4.1;4.9;5.1;5.3;5.8;6.4;7.3;7.5;7.9;7.5;7.6;8.9;9.7;10.6;10.9;11.8;12.8;12.0;13.1;14.1;14.8;18.2;18.4;20.8;21.1;21.9;23.5;27.7;29.7;30.8;33.0;35.4;38.0;39.7;43.0;47.7;50.8;55.0;60.3;61.6;66.0;78.0;79.2;82.7;90.4;9.319%;7.6%;0.3%
China;488.5;530.3;475.9;476.7;582.5;748.5;881.7;945.4;987.0;1006.8;1131.3;1183.1;1293.5;1418.5;1458.5;1471.2;1448.5;1512.4;1607.7;1733.3;1835.4;1918.5;2063.8;2213.7;2311.5;2326.5;2457.8;2582.1;2790.7;2940.0;3029.1;3178.6;3166.7;3163.7;3294.7;3362.7;3525.0;3845.4;4534.4;5337.0;6099.5;6677.9;7240.3;7378.5;7708.8;8135.2;8805.8;8991.5;9237.7;9223.7;9174.6;9119.0;9229.8;9428.7;2.155%;2.5%;27.8%
China Hong Kong SAR;7.1;7.7;9.1;9.8;11.5;12.3;13.0;14.7;15.3;15.6;14.7;17.4;18.8;19.6;20.0;20.5;21.8;24.7;27.0;28.1;29.6;31.2;34.8;40.2;42.8;41.3;43.0;50.1;55.1;48.4;52.2;49.7;49.0;50.8;50.2;53.4;70.0;67.2;71.3;78.5;75.8;79.9;85.6;79.2;86.5;88.3;92.0;88.7;91.5;89.8;90.5;92.7;98.9;99.5;0.577%;1.5%;0.3%
India;167.7;170.3;174.8;182.9;197.9;190.3;207.0;219.2;219.7;239.3;254.3;264.8;278.7;278.1;297.4;311.2;341.3;343.6;366.6;388.1;410.4;439.6;476.4;513.4;560.5;603.2;635.7;673.1;693.6;724.9;774.5;813.5;855.3;894.8;911.7;962.5;970.3;1021.9;1062.3;1116.6;1204.6;1252.5;1365.5;1466.9;1595.6;1661.0;1735.7;1849.2;1930.0;2083.3;2147.8;2234.2;2316.9;2479.1;7.001%;5.4%;7.3%
Indonesia;20.1;19.5;18.7;19.6;21.3;22.6;23.5;25.4;29.7;31.4;36.9;39.7;48.1;52.7;61.0;67.3;74.8;76.9;78.5;83.2;84.7;93.4;101.7;107.1;116.9;135.8;146.3;160.5;171.0;183.1;195.2;206.0;229.1;222.3;244.9;268.2;290.6;301.1;331.0;329.8;339.7;358.3;386.6;376.1;387.9;427.6;479.0;511.8;526.4;480.6;488.6;493.1;516.1;543.0;5.206%;2.9%;1.6%
Japan;446.8;492.6;578.0;641.5;731.3;810.5;845.3;880.9;995.0;985.7;923.6;951.2;955.0;934.2;959.7;931.7;926.6;874.0;874.5;966.0;943.1;933.0;939.3;1012.5;1040.1;1086.2;1099.8;1111.4;1101.7;1164.8;1179.3;1199.6;1198.1;1163.6;1197.0;1218.3;1209.7;1214.9;1255.8;1242.1;1277.4;1253.7;1267.6;1274.9;1112.5;1183.8;1194.7;1285.6;1273.6;1239.6;1197.4;1178.5;1171.8;1148.4;-1.992%;-0.8%;3.4%
Malaysia;7.0;8.2;8.3;8.4;8.7;9.6;10.8;12.2;13.3;13.4;13.8;15.6;17.6;23.2;28.4;30.5;31.7;33.8;38.6;39.9;39.2;41.8;42.8;45.4;52.3;58.8;70.5;76.3;77.2;85.3;87.2;98.9;114.7;105.4;119.0;131.3;133.3;143.9;159.1;170.7;181.0;186.8;190.4;197.8;190.3;213.0;213.5;226.3;232.4;240.2;245.6;240.8;241.6;250.3;3.578%;2.4%;0.7%
New Zealand;15.0;15.8;15.7;15.7;16.2;18.2;18.1;19.4;20.9;20.5;19.6;21.4;22.3;21.1;19.7;19.1;18.8;20.4;20.5;20.6;21.1;20.8;21.4;21.5;22.4;23.6;24.6;26.2;25.8;27.1;27.2;28.7;31.0;29.7;31.0;31.5;33.8;33.8;35.9;35.1;37.0;37.0;35.9;36.9;33.9;34.0;33.5;35.3;35.0;35.0;35.5;34.7;36.8;35.9;-2.655%;0.3%;0.1%
Pakistan;19.5;19.3;21.1;23.8;23.2;22.7;20.9;17.6;18.6;20.0;21.1;21.2;22.7;23.8;25.8;27.8;29.6;31.9;34.2;36.5;39.0;42.5;47.4;50.9;55.3;57.8;61.4;65.8;72.5;76.1;80.7;84.7;85.9;88.3;94.1;97.8;98.9;101.2;106.7;117.9;120.2;130.3;142.0;146.4;146.0;145.7;144.1;145.5;145.5;152.3;159.9;175.5;188.5;195.7;3.840%;2.9%;0.6%
Philippines;13.2;14.4;16.2;18.4;19.7;22.4;26.0;25.5;29.6;27.8;30.0;31.0;34.0;35.3;36.3;34.7;33.0;31.9;33.8;29.2;27.5;27.7;32.0;35.1;37.8;39.9;39.4;47.5;48.8;51.2;58.0;62.5;68.5;69.2;67.4;66.8;67.7;65.9;68.0;70.3;70.4;67.5;71.8;74.0;74.6;80.1;80.8;83.3;92.2;97.6;106.6;116.9;128.9;133.7;3.784%;6.0%;0.4%
Singapore;13.1;15.0;18.0;22.4;22.0;23.9;20.7;25.9;24.2;23.9;23.5;27.9;28.0;28.5;30.4;30.1;34.7;33.7;35.7;36.8;37.3;43.4;44.9;52.2;59.9;69.8;71.4;76.6;83.3;96.0;98.9;98.7;102.6;101.6;100.4;107.7;118.2;112.3;104.1;116.5;127.5;140.6;151.4;163.4;176.7;185.3;192.7;192.0;192.8;192.6;204.4;219.3;231.3;230.0;-0.543%;4.3%;0.7%
South Korea;24.9;29.6;32.8;36.3;42.5;49.0;52.6;54.6;67.7;68.8;75.3;84.1;96.2;103.9;119.2;123.4;131.5;131.7;138.0;151.1;162.2;173.5;182.6;207.4;218.4;235.4;263.8;288.3;317.9;346.5;376.4;418.1;452.5;393.4;427.5;461.1;472.6;489.5;499.0;514.8;520.0;527.4;545.6;557.5;559.7;615.7;646.8;643.8;646.1;644.6;656.5;662.5;678.8;697.6;2.770%;2.2%;2.1%
Sri Lanka;1.5;1.5;1.5;1.6;1.6;3.1;2.9;3.1;3.2;2.5;2.5;2.4;2.6;3.0;3.1;3.2;3.8;4.3;4.7;4.0;3.6;3.5;4.0;3.9;3.7;3.9;4.1;4.9;4.7;5.2;5.7;7.0;7.6;8.1;8.9;10.6;10.4;11.1;11.1;10.9;12.6;13.0;13.8;12.6;13.2;13.1;14.8;16.1;14.0;14.2;17.9;20.2;21.7;20.6;-5.106%;4.6%;0.1%
Taiwan;18.8;20.0;21.8;23.9;25.2;27.6;33.9;35.3;41.5;38.6;41.8;51.6;56.2;64.1;66.2;71.9;63.1;60.9;66.8;67.2;74.9;85.9;91.0;106.9;117.2;120.4;129.9;138.8;151.3;157.9;169.0;177.3;192.6;206.3;234.2;235.7;233.6;243.9;253.0;265.8;268.1;275.3;277.8;260.4;249.7;263.9;267.1;261.7;262.4;268.5;266.6;275.7;288.4;286.0;-0.818%;0.4%;0.8%
Thailand;7.4;8.7;9.9;13.0;14.1;16.3;17.9;22.3;23.6;24.3;26.1;27.6;30.9;34.8;36.1;37.7;36.8;36.4;40.4;44.1;47.0;48.7;57.7;64.9;74.7;89.7;99.9;110.4;124.9;140.0;153.9;171.9;178.7;163.8;171.2;169.8;176.3;190.9;202.1;218.6;227.5;223.8;236.7;237.4;236.5;248.7;253.5;270.9;273.9;280.7;289.4;295.5;299.9;302.4;0.833%;2.4%;0.9%
Vietnam;8.2;13.9;19.0;19.8;23.3;24.3;21.8;21.1;22.7;17.3;19.8;12.1;12.9;13.1;13.9;14.9;15.2;16.4;17.3;17.2;17.4;18.9;21.4;20.9;17.8;17.9;17.4;18.3;20.5;22.9;27.2;31.2;37.8;41.2;40.2;47.0;51.4;57.5;62.9;81.4;86.0;71.9;78.8;103.7;102.4;121.9;135.0;132.6;140.7;157.1;183.0;194.6;195.5;224.5;14.834%;9.5%;0.7%
Other Asia Pacific;52.7;56.5;62.0;67.4;72.1;77.6;85.3;88.4;91.1;96.8;99.9;105.4;112.0;118.9;127.8;137.4;141.2;147.8;153.9;156.7;166.0;166.5;160.4;161.7;159.6;154.2;152.3;135.8;128.3;120.6;116.8;106.3;106.4;101.2;107.7;115.1;119.4;116.4;121.5;122.6;128.4;132.4;123.9;130.1;114.7;117.1;108.5;116.0;112.8;124.7;130.5;148.3;152.9;161.7;5.761%;2.1%;0.5%
Total Asia Pacific;1425.5;1548.6;1615.2;1720.8;1957.4;2234.2;2444.8;2582.6;2785.6;2825.7;2931.0;3060.0;3243.3;3391.8;3531.4;3563.6;3585.2;3614.7;3770.9;4044.4;4182.8;4343.3;4583.9;4932.6;5179.8;5358.7;5611.6;5863.7;6172.7;6507.0;6760.6;7071.5;7228.0;7164.7;7478.6;7720.9;7969.3;8411.7;9281.1;10247.4;11194.8;11871.7;12663.0;12959.2;13251.5;13994.0;14867.2;15317.4;15670.5;15799.5;15886.0;15998.9;16292.7;16744.1;2.8%;2.6%;49.4%
Total World;11193.9;11708.9;12068.1;12725.8;13518.8;14269.5;14765.8;15468.0;16314.8;16228.7;16249.0;17128.8;17675.8;17977.8;18556.3;18389.1;18151.5;17976.8;18144.3;18811.0;19173.3;19507.7;20109.4;20770.8;21166.0;21290.1;21280.1;21354.0;21419.1;21652.9;21895.7;22527.5;22741.1;22792.8;23115.5;23667.6;23981.9;24502.1;25715.7;27043.7;28142.5;29018.8;30047.6;30336.7;29719.4;31057.9;31978.3;32316.7;32799.9;32844.8;32804.4;32913.5;33242.5;33890.8;2.0%;1.0%;100.0%
of which: OECD;7700.6;8012.3;8277.5;8801.0;9330.9;9774.2;9923.9;10357.8;10932.8;10658.0;10355.6;10964.4;11167.3;11148.7;11453.3;11174.5;10807.2;10414.4;10335.2;10699.2;10839.4;10889.9;11122.3;11451.4;11661.0;11602.7;11583.1;11621.3;11701.5;11881.0;12023.7;12447.0;12581.9;12604.2;12713.2;13006.3;12943.7;13006.8;13254.8;13415.8;13526.4;13506.3;13626.8;13405.4;12496.2;12952.7;12821.1;12653.8;12692.0;12512.1;12389.0;12314.4;12352.9;12405.0;0.4%;-1.0%;36.6%
                 Non-OECD;3493.3;3696.5;3790.6;3924.8;4187.9;4495.3;4841.9;5110.2;5382.0;5570.7;5893.4;6164.4;6508.5;6829.1;7103.0;7214.6;7344.3;7562.4;7809.1;8111.8;8333.9;8617.8;8987.1;9319.4;9505.1;9687.4;9697.0;9732.7;9717.6;9771.9;9872.0;10080.4;10159.2;10188.6;10402.3;10661.3;11038.2;11495.3;12460.9;13627.9;14616.0;15512.5;16420.8;16931.3;17223.1;18105.2;19157.2;19663.0;20107.9;20332.7;20415.5;20599.2;20889.6;21485.8;2.9%;2.4%;63.4%
                 European Union #;3302.5;3341.5;3409.5;3611.3;3853.8;4041.9;4092.1;4228.5;4441.7;4319.7;4208.7;4469.7;4458.2;4508.1;4654.6;4543.9;4340.5;4234.9;4178.1;4190.0;4350.5;4381.7;4427.0;4391.6;4410.9;4353.4;4288.4;4146.3;4075.6;4017.7;4069.1;4186.5;4111.2;4128.3;4072.9;4079.0;4149.0;4130.8;4236.0;4258.4;4254.1;4290.3;4226.7;4149.4;3846.7;3941.0;3812.2;3754.2;3664.7;3458.0;3501.8;3514.3;3549.5;3479.3;-2.0%;-1.7%;10.3%
;;;;;;;;;;;;;;;;;;;;;;;;;;;;;;;;;;;;;;;;;;;;;;;;;;;;;;;;;
;;;;;;;;;;;;;;;;;;;;;;;;;;;;;;;;;;;;;;;;;;;;;;;;;;;;;;;;;
;;;;;;;;;;;;;;;;;;;;;;;;;;;;;;;;;;;;;;;;;;;;;;;;;;;;;;;;;
;;;;;;;;;;;;;;;;;;;;;;;;;;;;;;;;;;;;;;;;;;;;;;;;;;;;;;;;;
;;;;;;;;;;;;;;;;;;;;;;;;;;;;;;;;;;;;;;;;;;;;;;;;;;;;;;;;;
;;;;;;;;;;;;;;;;;;;;;;;;;;;;;;;;;;;;;;;;;;;;;;;;;;;;;;;;;
;;;;;;;;;;;;;;;;;;;;;;;;;;;;;;;;;;;;;;;;;;;;;;;;;;;;;;;;;
;;;;;;;;;;;;;;;;;;;;;;;;;;;;;;;;;;;;;;;;;;;;;;;;;;;;;;;;;
;;;;;;;;;;;;;;;;;;;;;;;;;;;;;;;;;;;;;;;;;;;;;;;;;;;;;;;;;
;;;;;;;;;;;;;;;;;;;;;;;;;;;;;;;;;;;;;;;;;;;;;;;;;;;;;;;;;
;;;;;;;;;;;;;;;;;;;;;;;;;;;;;;;;;;;;;;;;;;;;;;;;;;;;;;;;;
;;;;;;;;;;;;;;;;;;;;;;;;;;;;;;;;;;;;;;;;;;;;;;;;;;;;;;;;;
;;;;;;;;;;;;;;;;;;;;;;;;;;;;;;;;;;;;;;;;;;;;;;;;;;;;;;;;;
;;;;;;;;;;;;;;;;;;;;;;;;;;;;;;;;;;;;;;;;;;;;;;;;;;;;;;;;;
;;;;;;;;;;;;;;;;;;;;;;;;;;;;;;;;;;;;;;;;;;;;;;;;;;;;;;;;;
;;;;;;;;;;;;;;;;;;;;;;;;;;;;;;;;;;;;;;;;;;;;;;;;;;;;;;;;;
;;;;;;;;;;;;;;;;;;;;;;;;;;;;;;;;;;;;;;;;;;;;;;;;;;;;;;;;;
;;;;;;;;;;;;;;;;;;;;;;;;;;;;;;;;;;;;;;;;;;;;;;;;;;;;;;;;;
;;;;;;;;;;;;;;;;;;;;;;;;;;;;;;;;;;;;;;;;;;;;;;;;;;;;;;;;;
;;;;;;;;;;;;;;;;;;;;;;;;;;;;;;;;;;;;;;;;;;;;;;;;;;;;;;;;;
;;;;;;;;;;;;;;;;;;;;;;;;;;;;;;;;;;;;;;;;;;;;;;;;;;;;;;;;;
;;;;;;;;;;;;;;;;;;;;;;;;;;;;;;;;;;;;;;;;;;;;;;;;;;;;;;;;;
;;;;;;;;;;;;;;;;;;;;;;;;;;;;;;;;;;;;;;;;;;;;;;;;;;;;;;;;;
;;;;;;;;;;;;;;;;;;;;;;;;;;;;;;;;;;;;;;;;;;;;;;;;;;;;;;;;;
;;;;;;;;;;;;;;;;;;;;;;;;;;;;;;;;;;;;;;;;;;;;;;;;;;;;;;;;;
;;;;;;;;;;;;;;;;;;;;;;;;;;;;;;;;;;;;;;;;;;;;;;;;;;;;;;;;;
;;;;;;;;;;;;;;;;;;;;;;;;;;;;;;;;;;;;;;;;;;;;;;;;;;;;;;;;;
;;;;;;;;;;;;;;;;;;;;;;;;;;;;;;;;;;;;;;;;;;;;;;;;;;;;;;;;;
;;;;;;;;;;;;;;;;;;;;;;;;;;;;;;;;;;;;;;;;;;;;;;;;;;;;;;;;;
;;;;;;;;;;;;;;;;;;;;;;;;;;;;;;;;;;;;;;;;;;;;;;;;;;;;;;;;;
;;;;;;;;;;;;;;;;;;;;;;;;;;;;;;;;;;;;;;;;;;;;;;;;;;;;;;;;;
;;;;;;;;;;;;;;;;;;;;;;;;;;;;;;;;;;;;;;;;;;;;;;;;;;;;;;;;;
;;;;;;;;;;;;;;;;;;;;;;;;;;;;;;;;;;;;;;;;;;;;;;;;;;;;;;;;;
;;;;;;;;;;;;;;;;;;;;;;;;;;;;;;;;;;;;;;;;;;;;;;;;;;;;;;;;;
;;;;;;;;;;;;;;;;;;;;;;;;;;;;;;;;;;;;;;;;;;;;;;;;;;;;;;;;;
;;;;;;;;;;;;;;;;;;;;;;;;;;;;;;;;;;;;;;;;;;;;;;;;;;;;;;;;;
;;;;;;;;;;;;;;;;;;;;;;;;;;;;;;;;;;;;;;;;;;;;;;;;;;;;;;;;;
;;;;;;;;;;;;;;;;;;;;;;;;;;;;;;;;;;;;;;;;;;;;;;;;;;;;;;;;;
;;;;;;;;;;;;;;;;;;;;;;;;;;;;;;;;;;;;;;;;;;;;;;;;;;;;;;;;;
;;;;;;;;;;;;;;;;;;;;;;;;;;;;;;;;;;;;;;;;;;;;;;;;;;;;;;;;;
;;;;;;;;;;;;;;;;;;;;;;;;;;;;;;;;;;;;;;;;;;;;;;;;;;;;;;;;;
;;;;;;;;;;;;;;;;;;;;;;;;;;;;;;;;;;;;;;;;;;;;;;;;;;;;;;;;;
